{"m": [0.030897439320882094, 0.029846286773681632, 0.029428660074869818, 0.018065497080484976, 0.028990796407063674, 0.02998772939046221, 0.03423253059387198, 0.03610520362853995, 0.03304180145263663], "b": [17.21569353739421, 15.858572006225584, 16.433165868123368, 15.207850774129232, 18.022998301188164, 16.559118143717445, 15.623636913299586, 13.073089885711692, 14.438134765625026]}