{"m": [0.04506667455037425, 0.029033336639404255, 0.046599998474121045, 0.04613334019978842, 0.04619999567667652, 0.04026667912801107, 0.03534999847412103, 0.03629999160766597, 0.032550001144409105], "b": [14.457332102457686, 15.54866638183594, 13.81800003051758, 14.97866541544596, 14.85400098164875, 15.54133135477701, 13.354500579834006, 13.995002555847181, 13.146499347686792]}